1,Rommy,Schönbach,8,rommy_schoenbach@xyz.none,1,
2,Markwart,Holder,9,markwart.holder@spam.none,1,
3,Ben,Ney,10,ben-ney@internet.none,3,
4,Birglinde,Laas,11,b_laas@company.none,4,
5,Heideliese,Schomaker,12,heideliese_schomaker@company.none,1,
6,Harri,Olsen,13,harri-olsen@company.none,1,
7,Dorlinde,Ohl,14,dohl@web.none,6,
8,Sieghild,Schlenker,15,s_@mail.none,6,
9,Gerhardt,Röseler,16,g_roeseler@mail.none,6,
10,Simpert,Oberst,17,simpert_oberst@web.none,3,
11,Kirsten,Detzel,18,k-detzel@internet.none,7,
12,Raimund,Nießen,19,raimund1948@internet.none,3,
13,Siegberta,Siemers,20,siegberta-siemers@xyz.none,4,
14,Olf,Jüngling,21,olf_@net.none,7,
15,Sieghardt,Scherbaum,22,sieghardt_scherbaum@private.none,3,
16,Ian,Schupp,23,ian-@company.none,2,
17,Mark,Barrenbrügge,24,m.@host.none,7,
18,Raimunde,Nelle,25,raimunde.@host.none,4,
19,Hermelinde,Osterkamp,26,hermelinde_osterkamp@net.none,3,
20,Annette,Kuhnert,27,annette@email.none,1,