rowid;first_name;last_name;address_id;email;store_id;last_update
1;Rommy;Schoenbach;8;rommy_schoenbach@xyz.none;1;2019-12-22 09:31:41
2;Markwart;Holder;9;markwart.holder@spam.none;5;2019-12-26 23:03:33
3;Ben;Ney;10;ben-ney@internet.none;3;2019-12-28 00:12:42
4;Birglinde;Laas;11;b_laas@company.none;4;2019-12-26 17:06:59
5;Heideliese;Schomaker;12;heideliese_schomaker@company.none;1;2019-12-27 23:02:12
6;Harri;Olsen;13;harri-olsen@company.none;1;2019-12-21 11:12:28
7;Dorlinde;Ohl;14;dohl@web.none;6;2019-12-25 10:55:43
8;Sieghild;Schlenker;15;s_@mail.none;6;2019-12-20 21:01:12
9;Gerhardt;Roeseler;16;g_roeseler@mail.none;6;2019-12-30 00:18:53
10;Simpert;Oberst;17;simpert_oberst@web.none;3;2019-12-23 10:30:49
11;Kirsten;Detzel;18;k-detzel@internet.none;7;2019-12-29 03:37:29
12;Raimund;Niessen;19;raimund1948@internet.none;5;2019-12-22 10:34:55
13;Siegberta;Siemers;20;siegberta-siemers@xyz.none;4;2019-12-26 18:02:09
14;Olf;Juengling;21;olf_@net.none;7;2019-12-24 10:26:01
15;Sieghardt;Scherbaum;22;sieghardt_scherbaum@private.none;3;2019-12-21 22:03:38
16;Ian;Schupp;23;ian-@company.none;5;2019-12-27 07:00:09
17;Mark;Barrenbruegge;24;m.@host.none;7;2019-12-28 16:49:49
18;Raimunde;Nelle;25;raimunde.@host.none;4;2019-12-30 15:08:41
19;Hermelinde;Osterkamp;26;hermelinde_osterkamp@net.none;3;2019-12-25 01:13:57
20;Annette;Kuhnert;27;annette@email.none;2;2019-12-24 08:43:45
